<?xml version="1.0" encoding="UTF-8"?>
<project-private xmlns="http://www.netbeans.org/ns/project-private/1">
    <editor-bookmarks xmlns="http://www.netbeans.org/ns/editor-bookmarks/2" lastBookmarkId="0"/>
    <open-files xmlns="http://www.netbeans.org/ns/projectui-open-files/2">
        <group>
            <file>file:/home/hal/NetBeansProjects/AF_Semana9/src/af_semana9/Menu.java</file>
            <file>file:/home/hal/NetBeansProjects/AF_Semana9/src/af_semana9/Pessoa.java</file>
            <file>file:/home/hal/NetBeansProjects/AF_Semana9/src/af_semana9/Util.java</file>
            <file>file:/home/hal/NetBeansProjects/AF_Semana9/src/af_semana9/Cliente.java</file>
            <file>file:/home/hal/NetBeansProjects/AF_Semana9/src/af_semana9/Funcionario.java</file>
        </group>
    </open-files>
</project-private>
